{
  "project_info": {
    "project_number": "703963731743",
    "firebase_url": "https://bloodlink-a9d2a-default-rtdb.firebaseio.com",
    "project_id": "bloodlink-a9d2a",
    "storage_bucket": "bloodlink-a9d2a.appspot.com"
  },
  "client": [
    {
      "client_info": {
        "mobilesdk_app_id": "1:703963731743:android:9e850b837a0b367c15022a",
        "android_client_info": {
          "package_name": "com.example.bloodlinkfrebase"
        }
      },
      "oauth_client": [
        {
          "client_id": "703963731743-u1usfh6q565h29crejaapd8nd56vh8gl.apps.googleusercontent.com",
          "client_type": 1,
          "android_info": {
            "package_name": "com.example.bloodlinkfrebase",
            "certificate_hash": "5bb6cf157cb02f2c3af3d3682c2080ed6de1a2b7"
          }
        },
        {
          "client_id": "703963731743-d6jfr6k3vvsilb3b9qfmqumpgb5kfq45.apps.googleusercontent.com",
          "client_type": 3
        }
      ],
      "api_key": [
        {
          "current_key": "AIzaSyB63QCEclwKoryZIvzkMjN_Hgq37I-Ns-o"
        }
      ],
      "services": {
        "appinvite_service": {
          "other_platform_oauth_client": [
            {
              "client_id": "703963731743-d6jfr6k3vvsilb3b9qfmqumpgb5kfq45.apps.googleusercontent.com",
              "client_type": 3
            }
          ]
        }
      }
    },
    {
      "client_info": {
        "mobilesdk_app_id": "1:703963731743:android:fbcd36a96fcab8a415022a",
        "android_client_info": {
          "package_name": "com.example.prana"
        }
      },
      "oauth_client": [
        {
          "client_id": "703963731743-d6jfr6k3vvsilb3b9qfmqumpgb5kfq45.apps.googleusercontent.com",
          "client_type": 3
        }
      ],
      "api_key": [
        {
          "current_key": "AIzaSyB63QCEclwKoryZIvzkMjN_Hgq37I-Ns-o"
        }
      ],
      "services": {
        "appinvite_service": {
          "other_platform_oauth_client": [
            {
              "client_id": "703963731743-d6jfr6k3vvsilb3b9qfmqumpgb5kfq45.apps.googleusercontent.com",
              "client_type": 3
            }
          ]
        }
      }
    }
  ],
  "configuration_version": "1"
}